site,event,user_id,timestamp
essayhubpro.net,conversion,user_8381,2025-06-16
progassignments.io,conversion,user_7150,2025-06-14
slidecraft.com,cta_click,user_2404,2025-06-25
paperwise.co,checkout_initiate,user_2204,2025-06-03
paperwise.co,checkout_initiate,user_7225,2025-06-23
slidecraft.com,cta_click,user_6188,2025-06-12
typemaster.org,form_submit,user_1085,2025-06-10
writemaster.co.uk,conversion,user_5419,2025-06-04
slidecraft.com,form_submit,user_4070,2025-06-14
writemaster.co.uk,cta_click,user_2692,2025-06-01
typemaster.org,conversion,user_2524,2025-06-20
nursingessay.us,cta_click,user_1202,2025-06-10
leadacademica.co.uk,cta_click,user_2387,2025-06-24
editgenius.net,checkout_initiate,user_9537,2025-06-06
leadacademica.co.uk,checkout_initiate,user_3274,2025-06-09
paperwise.co,conversion,user_9079,2025-06-05
typemaster.org,checkout_initiate,user_8121,2025-06-09
leadacademica.co.uk,conversion,user_8933,2025-06-26
typemaster.org,conversion,user_5123,2025-06-08
writemaster.co.uk,checkout_initiate,user_8501,2025-06-04
slidecraft.com,conversion,user_1110,2025-06-13
nursingessay.us,cta_click,user_6399,2025-06-15
nursingessay.us,cta_click,user_3230,2025-06-10
nursingessay.us,checkout_initiate,user_8848,2025-06-11
slidecraft.com,cta_click,user_6228,2025-06-10
writemaster.co.uk,checkout_initiate,user_6339,2025-06-13
paperwise.co,cta_click,user_6980,2025-06-04
progassignments.io,checkout_initiate,user_1440,2025-06-24
writemaster.co.uk,checkout_initiate,user_8183,2025-06-26
paperwise.co,form_submit,user_7703,2025-06-22
writemaster.co.uk,checkout_initiate,user_5961,2025-06-08
paperwise.co,checkout_initiate,user_7932,2025-06-26
leadacademica.co.uk,form_submit,user_8357,2025-06-20
writemaster.co.uk,cta_click,user_9755,2025-06-17
leadacademica.co.uk,form_submit,user_6890,2025-06-23
editgenius.net,form_submit,user_2791,2025-06-25
progassignments.io,conversion,user_3725,2025-06-21
essayhubpro.net,cta_click,user_6432,2025-06-26
leadacademica.co.uk,form_submit,user_1172,2025-06-04
paperwise.co,checkout_initiate,user_9366,2025-06-24
editgenius.net,checkout_initiate,user_8303,2025-06-12
leadacademica.co.uk,cta_click,user_9199,2025-06-05
nursingessay.us,form_submit,user_8909,2025-06-04
paperwise.co,cta_click,user_2406,2025-06-04
slidecraft.com,conversion,user_6110,2025-06-11
writemaster.co.uk,checkout_initiate,user_9537,2025-06-16
nursingessay.us,cta_click,user_2599,2025-06-15
writemaster.co.uk,conversion,user_2100,2025-06-10
essayhubpro.net,form_submit,user_1370,2025-06-28
nursingessay.us,form_submit,user_3692,2025-06-30
progassignments.io,checkout_initiate,user_3623,2025-06-11
editgenius.net,cta_click,user_8570,2025-06-08
leadacademica.co.uk,checkout_initiate,user_4053,2025-06-21
leadacademica.co.uk,cta_click,user_1478,2025-06-24
progassignments.io,cta_click,user_8037,2025-06-13
essayhubpro.net,checkout_initiate,user_4371,2025-06-09
typemaster.org,form_submit,user_9796,2025-06-06
nursingessay.us,conversion,user_4228,2025-06-15
typemaster.org,conversion,user_9019,2025-06-17
nursingessay.us,cta_click,user_7431,2025-06-19
typemaster.org,conversion,user_6766,2025-06-28
writemaster.co.uk,checkout_initiate,user_5873,2025-06-30
typemaster.org,checkout_initiate,user_6131,2025-06-04
progassignments.io,conversion,user_2916,2025-06-06
nursingessay.us,checkout_initiate,user_9369,2025-06-13
leadacademica.co.uk,checkout_initiate,user_7286,2025-06-14
slidecraft.com,cta_click,user_9804,2025-06-23
slidecraft.com,checkout_initiate,user_9022,2025-06-10
slidecraft.com,checkout_initiate,user_6154,2025-06-27
writemaster.co.uk,form_submit,user_6882,2025-06-01
writemaster.co.uk,checkout_initiate,user_4196,2025-06-27
leadacademica.co.uk,cta_click,user_7703,2025-06-22
writemaster.co.uk,cta_click,user_8272,2025-06-16
slidecraft.com,form_submit,user_1505,2025-06-26
progassignments.io,conversion,user_1535,2025-06-09
progassignments.io,conversion,user_3755,2025-06-25
writemaster.co.uk,cta_click,user_9369,2025-06-04
typemaster.org,conversion,user_9898,2025-06-27
nursingessay.us,form_submit,user_8231,2025-06-18
progassignments.io,cta_click,user_2677,2025-06-24
progassignments.io,conversion,user_1528,2025-06-15
paperwise.co,conversion,user_2425,2025-06-15
typemaster.org,checkout_initiate,user_4438,2025-06-26
nursingessay.us,cta_click,user_3719,2025-06-20
slidecraft.com,checkout_initiate,user_4390,2025-06-26
essayhubpro.net,conversion,user_9720,2025-06-09
editgenius.net,checkout_initiate,user_6302,2025-06-23
paperwise.co,conversion,user_5380,2025-06-28
editgenius.net,form_submit,user_3221,2025-06-25
leadacademica.co.uk,form_submit,user_5543,2025-06-28
slidecraft.com,checkout_initiate,user_5090,2025-06-05
nursingessay.us,checkout_initiate,user_7434,2025-06-16
slidecraft.com,conversion,user_7786,2025-06-13
writemaster.co.uk,form_submit,user_2525,2025-06-13
editgenius.net,conversion,user_7046,2025-06-15
writemaster.co.uk,conversion,user_1040,2025-06-28
typemaster.org,cta_click,user_6869,2025-06-28
typemaster.org,cta_click,user_4568,2025-06-14
progassignments.io,cta_click,user_5399,2025-06-11
paperwise.co,conversion,user_9967,2025-06-19
slidecraft.com,cta_click,user_6631,2025-06-29
essayhubpro.net,form_submit,user_2631,2025-06-21
writemaster.co.uk,form_submit,user_3035,2025-06-30
slidecraft.com,cta_click,user_8479,2025-06-01
leadacademica.co.uk,checkout_initiate,user_3161,2025-06-29
paperwise.co,checkout_initiate,user_5489,2025-06-03
nursingessay.us,conversion,user_2350,2025-06-12
slidecraft.com,form_submit,user_7493,2025-06-21
paperwise.co,checkout_initiate,user_8032,2025-06-21
typemaster.org,form_submit,user_1017,2025-06-07
writemaster.co.uk,form_submit,user_3174,2025-06-19
progassignments.io,cta_click,user_1152,2025-06-01
nursingessay.us,form_submit,user_7919,2025-06-23
slidecraft.com,cta_click,user_2160,2025-06-08
leadacademica.co.uk,form_submit,user_2678,2025-06-04
nursingessay.us,conversion,user_5902,2025-06-05
leadacademica.co.uk,checkout_initiate,user_3340,2025-06-03
editgenius.net,form_submit,user_3688,2025-06-15
nursingessay.us,checkout_initiate,user_3480,2025-06-30
leadacademica.co.uk,cta_click,user_4559,2025-06-03
typemaster.org,checkout_initiate,user_3017,2025-06-19
leadacademica.co.uk,conversion,user_8035,2025-06-11
slidecraft.com,checkout_initiate,user_5537,2025-06-21
typemaster.org,checkout_initiate,user_5668,2025-06-25
essayhubpro.net,conversion,user_4366,2025-06-17
editgenius.net,checkout_initiate,user_7418,2025-06-10
essayhubpro.net,checkout_initiate,user_9108,2025-06-13
typemaster.org,checkout_initiate,user_9185,2025-06-21
typemaster.org,form_submit,user_6916,2025-06-30
nursingessay.us,checkout_initiate,user_7337,2025-06-28
leadacademica.co.uk,conversion,user_9951,2025-06-22
slidecraft.com,cta_click,user_2195,2025-06-01
typemaster.org,form_submit,user_5295,2025-06-07
essayhubpro.net,form_submit,user_7520,2025-06-17
paperwise.co,cta_click,user_7939,2025-06-23
leadacademica.co.uk,form_submit,user_9791,2025-06-18
slidecraft.com,conversion,user_2369,2025-06-10
typemaster.org,checkout_initiate,user_3545,2025-06-18
nursingessay.us,cta_click,user_2083,2025-06-10
leadacademica.co.uk,checkout_initiate,user_1948,2025-06-08
typemaster.org,cta_click,user_2900,2025-06-15
essayhubpro.net,conversion,user_3877,2025-06-04
essayhubpro.net,checkout_initiate,user_1185,2025-06-06
writemaster.co.uk,conversion,user_9568,2025-06-17
paperwise.co,checkout_initiate,user_7092,2025-06-05
paperwise.co,form_submit,user_1480,2025-06-11
leadacademica.co.uk,conversion,user_9582,2025-06-03
paperwise.co,form_submit,user_9128,2025-06-15
editgenius.net,conversion,user_1908,2025-06-16
slidecraft.com,conversion,user_3577,2025-06-09
typemaster.org,form_submit,user_4742,2025-06-24
editgenius.net,form_submit,user_1721,2025-06-28
essayhubpro.net,checkout_initiate,user_1753,2025-06-16
nursingessay.us,cta_click,user_3458,2025-06-06
essayhubpro.net,cta_click,user_4678,2025-06-11
progassignments.io,cta_click,user_6241,2025-06-09
typemaster.org,conversion,user_2956,2025-06-17
essayhubpro.net,checkout_initiate,user_4656,2025-06-26
editgenius.net,form_submit,user_7568,2025-06-03
writemaster.co.uk,conversion,user_6090,2025-06-11
typemaster.org,cta_click,user_1130,2025-06-12
progassignments.io,conversion,user_5979,2025-06-24
progassignments.io,cta_click,user_7033,2025-06-19
writemaster.co.uk,checkout_initiate,user_9954,2025-06-25
progassignments.io,checkout_initiate,user_1104,2025-06-30
leadacademica.co.uk,form_submit,user_4817,2025-06-18
nursingessay.us,form_submit,user_6488,2025-06-01
leadacademica.co.uk,conversion,user_2703,2025-06-07
editgenius.net,checkout_initiate,user_7878,2025-06-16
essayhubpro.net,checkout_initiate,user_5584,2025-06-03
essayhubpro.net,checkout_initiate,user_9515,2025-06-14
nursingessay.us,cta_click,user_2391,2025-06-19
typemaster.org,checkout_initiate,user_7461,2025-06-03
essayhubpro.net,cta_click,user_3141,2025-06-08
paperwise.co,conversion,user_6161,2025-06-30
leadacademica.co.uk,conversion,user_6211,2025-06-15
paperwise.co,checkout_initiate,user_2223,2025-06-07
slidecraft.com,form_submit,user_3546,2025-06-04
slidecraft.com,cta_click,user_8635,2025-06-11
leadacademica.co.uk,form_submit,user_9780,2025-06-12
progassignments.io,cta_click,user_6051,2025-06-15
paperwise.co,form_submit,user_2481,2025-06-06
paperwise.co,form_submit,user_4522,2025-06-27
nursingessay.us,checkout_initiate,user_2494,2025-06-23
progassignments.io,conversion,user_7492,2025-06-17
essayhubpro.net,conversion,user_5262,2025-06-27
slidecraft.com,form_submit,user_7625,2025-06-28
writemaster.co.uk,checkout_initiate,user_2551,2025-06-15
typemaster.org,checkout_initiate,user_2989,2025-06-01
essayhubpro.net,checkout_initiate,user_3141,2025-06-07
leadacademica.co.uk,conversion,user_2376,2025-06-19
paperwise.co,form_submit,user_1357,2025-06-03
progassignments.io,cta_click,user_3110,2025-06-03
nursingessay.us,form_submit,user_1699,2025-06-15
essayhubpro.net,checkout_initiate,user_8096,2025-06-27
leadacademica.co.uk,cta_click,user_1483,2025-06-13
leadacademica.co.uk,checkout_initiate,user_6799,2025-06-07
slidecraft.com,conversion,user_5585,2025-06-15
slidecraft.com,form_submit,user_5026,2025-06-21
paperwise.co,cta_click,user_7750,2025-06-29
editgenius.net,cta_click,user_1999,2025-06-03
paperwise.co,cta_click,user_3248,2025-06-14
progassignments.io,checkout_initiate,user_9907,2025-06-26
essayhubpro.net,cta_click,user_6883,2025-06-16
editgenius.net,cta_click,user_6636,2025-06-30
editgenius.net,conversion,user_7363,2025-06-09
slidecraft.com,form_submit,user_6224,2025-06-20
progassignments.io,form_submit,user_5602,2025-06-02
writemaster.co.uk,conversion,user_4813,2025-06-06
typemaster.org,checkout_initiate,user_4951,2025-06-09
editgenius.net,form_submit,user_4594,2025-06-19
leadacademica.co.uk,conversion,user_3846,2025-06-06
progassignments.io,conversion,user_6878,2025-06-30
essayhubpro.net,conversion,user_3328,2025-06-19
progassignments.io,cta_click,user_9882,2025-06-10
slidecraft.com,cta_click,user_1621,2025-06-03
essayhubpro.net,checkout_initiate,user_4584,2025-06-01
editgenius.net,cta_click,user_1011,2025-06-11
progassignments.io,checkout_initiate,user_6582,2025-06-23
slidecraft.com,conversion,user_1975,2025-06-01
slidecraft.com,checkout_initiate,user_2817,2025-06-28
editgenius.net,conversion,user_2188,2025-06-12
leadacademica.co.uk,form_submit,user_6514,2025-06-10
nursingessay.us,checkout_initiate,user_3580,2025-06-24
leadacademica.co.uk,cta_click,user_6198,2025-06-06
editgenius.net,conversion,user_4657,2025-06-22
slidecraft.com,cta_click,user_6026,2025-06-24
paperwise.co,checkout_initiate,user_3911,2025-06-24
essayhubpro.net,cta_click,user_1530,2025-06-06
nursingessay.us,checkout_initiate,user_2705,2025-06-30
writemaster.co.uk,checkout_initiate,user_6425,2025-06-24
typemaster.org,checkout_initiate,user_6682,2025-06-11
slidecraft.com,form_submit,user_6500,2025-06-15
essayhubpro.net,conversion,user_4435,2025-06-08
typemaster.org,conversion,user_5205,2025-06-26
typemaster.org,form_submit,user_1788,2025-06-13
writemaster.co.uk,cta_click,user_3725,2025-06-29
leadacademica.co.uk,cta_click,user_7204,2025-06-12
editgenius.net,cta_click,user_2661,2025-06-27
writemaster.co.uk,checkout_initiate,user_3664,2025-06-15
typemaster.org,form_submit,user_5831,2025-06-01
nursingessay.us,conversion,user_2715,2025-06-03
nursingessay.us,checkout_initiate,user_7151,2025-06-06
typemaster.org,form_submit,user_6536,2025-06-20
writemaster.co.uk,form_submit,user_8066,2025-06-21
slidecraft.com,cta_click,user_3573,2025-06-02
typemaster.org,conversion,user_4367,2025-06-07
leadacademica.co.uk,conversion,user_5612,2025-06-10
progassignments.io,form_submit,user_1813,2025-06-13
editgenius.net,cta_click,user_3516,2025-06-02
nursingessay.us,form_submit,user_8005,2025-06-03
paperwise.co,cta_click,user_4271,2025-06-04
essayhubpro.net,checkout_initiate,user_3798,2025-06-21
paperwise.co,form_submit,user_8758,2025-06-28
typemaster.org,conversion,user_7512,2025-06-16
writemaster.co.uk,conversion,user_2493,2025-06-21
editgenius.net,cta_click,user_4029,2025-06-12
leadacademica.co.uk,conversion,user_4056,2025-06-15
essayhubpro.net,conversion,user_8204,2025-06-15
paperwise.co,checkout_initiate,user_5400,2025-06-19
essayhubpro.net,checkout_initiate,user_2584,2025-06-03
nursingessay.us,cta_click,user_4727,2025-06-18
essayhubpro.net,cta_click,user_9561,2025-06-14
editgenius.net,cta_click,user_4860,2025-06-16
paperwise.co,form_submit,user_7468,2025-06-29
essayhubpro.net,checkout_initiate,user_2970,2025-06-25
writemaster.co.uk,checkout_initiate,user_3738,2025-06-07
progassignments.io,checkout_initiate,user_1699,2025-06-14
typemaster.org,cta_click,user_4308,2025-06-27
slidecraft.com,conversion,user_6238,2025-06-30
typemaster.org,form_submit,user_7358,2025-06-18
leadacademica.co.uk,conversion,user_5525,2025-06-17
writemaster.co.uk,form_submit,user_9561,2025-06-26
leadacademica.co.uk,form_submit,user_7790,2025-06-05
slidecraft.com,form_submit,user_2730,2025-06-19
typemaster.org,conversion,user_9775,2025-06-29
nursingessay.us,cta_click,user_5327,2025-06-13
writemaster.co.uk,cta_click,user_1613,2025-06-06
paperwise.co,cta_click,user_3356,2025-06-20
leadacademica.co.uk,form_submit,user_7484,2025-06-29
nursingessay.us,checkout_initiate,user_1807,2025-06-24
writemaster.co.uk,conversion,user_7102,2025-06-01
nursingessay.us,conversion,user_6094,2025-06-09
writemaster.co.uk,form_submit,user_4734,2025-06-05
paperwise.co,cta_click,user_6257,2025-06-09
leadacademica.co.uk,form_submit,user_4079,2025-06-15
progassignments.io,cta_click,user_8937,2025-06-25
editgenius.net,conversion,user_1920,2025-06-17
slidecraft.com,form_submit,user_6097,2025-06-23
editgenius.net,cta_click,user_3222,2025-06-25
editgenius.net,form_submit,user_3846,2025-06-07
progassignments.io,form_submit,user_5087,2025-06-02
writemaster.co.uk,form_submit,user_6904,2025-06-23
progassignments.io,conversion,user_7035,2025-06-27
writemaster.co.uk,cta_click,user_3029,2025-06-22
essayhubpro.net,checkout_initiate,user_7102,2025-06-16
writemaster.co.uk,checkout_initiate,user_8775,2025-06-19
editgenius.net,conversion,user_6640,2025-06-06
paperwise.co,form_submit,user_5670,2025-06-01
leadacademica.co.uk,form_submit,user_3669,2025-06-28
progassignments.io,checkout_initiate,user_4688,2025-06-22
progassignments.io,conversion,user_7709,2025-06-17
essayhubpro.net,form_submit,user_8767,2025-06-30
slidecraft.com,checkout_initiate,user_1138,2025-06-08
paperwise.co,conversion,user_5511,2025-06-14
leadacademica.co.uk,conversion,user_8520,2025-06-09
progassignments.io,cta_click,user_5950,2025-06-22
editgenius.net,cta_click,user_2676,2025-06-01
editgenius.net,conversion,user_5631,2025-06-10
typemaster.org,cta_click,user_2045,2025-06-11
paperwise.co,conversion,user_5536,2025-06-09
paperwise.co,checkout_initiate,user_3456,2025-06-17
progassignments.io,form_submit,user_7620,2025-06-22
nursingessay.us,checkout_initiate,user_1417,2025-06-21
writemaster.co.uk,conversion,user_5250,2025-06-30
leadacademica.co.uk,cta_click,user_7361,2025-06-24
essayhubpro.net,checkout_initiate,user_6622,2025-06-24
progassignments.io,cta_click,user_6873,2025-06-17
paperwise.co,checkout_initiate,user_3967,2025-06-10
typemaster.org,cta_click,user_3096,2025-06-24
paperwise.co,checkout_initiate,user_6499,2025-06-21
typemaster.org,checkout_initiate,user_6820,2025-06-08
paperwise.co,cta_click,user_6428,2025-06-12
paperwise.co,conversion,user_8598,2025-06-28
typemaster.org,cta_click,user_1879,2025-06-28
typemaster.org,cta_click,user_4187,2025-06-17
typemaster.org,cta_click,user_9680,2025-06-10
leadacademica.co.uk,form_submit,user_3470,2025-06-05
progassignments.io,conversion,user_7704,2025-06-19
writemaster.co.uk,checkout_initiate,user_6183,2025-06-28
slidecraft.com,form_submit,user_8988,2025-06-11
slidecraft.com,conversion,user_1950,2025-06-01
writemaster.co.uk,conversion,user_4430,2025-06-25
slidecraft.com,checkout_initiate,user_9021,2025-06-26
typemaster.org,checkout_initiate,user_8105,2025-06-21
leadacademica.co.uk,cta_click,user_8029,2025-06-16
leadacademica.co.uk,form_submit,user_1618,2025-06-18
progassignments.io,conversion,user_1230,2025-06-29
nursingessay.us,checkout_initiate,user_1293,2025-06-22
essayhubpro.net,checkout_initiate,user_4707,2025-06-23
nursingessay.us,conversion,user_3112,2025-06-04
leadacademica.co.uk,conversion,user_3736,2025-06-03
essayhubpro.net,conversion,user_5764,2025-06-15
editgenius.net,conversion,user_8105,2025-06-29
slidecraft.com,conversion,user_9031,2025-06-12
progassignments.io,checkout_initiate,user_7609,2025-06-01
progassignments.io,checkout_initiate,user_3149,2025-06-07
essayhubpro.net,checkout_initiate,user_3017,2025-06-12
essayhubpro.net,cta_click,user_5190,2025-06-25
editgenius.net,form_submit,user_1785,2025-06-22
typemaster.org,form_submit,user_1790,2025-06-23
typemaster.org,cta_click,user_8279,2025-06-13
typemaster.org,conversion,user_8772,2025-06-23
slidecraft.com,checkout_initiate,user_1152,2025-06-10
leadacademica.co.uk,form_submit,user_9524,2025-06-09
slidecraft.com,cta_click,user_2718,2025-06-17
typemaster.org,conversion,user_2867,2025-06-26
typemaster.org,cta_click,user_4254,2025-06-20
progassignments.io,conversion,user_9571,2025-06-07
nursingessay.us,cta_click,user_5839,2025-06-06
essayhubpro.net,cta_click,user_4402,2025-06-23
writemaster.co.uk,conversion,user_4842,2025-06-01
essayhubpro.net,form_submit,user_2809,2025-06-27
writemaster.co.uk,checkout_initiate,user_2475,2025-06-25
editgenius.net,form_submit,user_2659,2025-06-29
paperwise.co,checkout_initiate,user_8483,2025-06-10
paperwise.co,cta_click,user_1820,2025-06-04
slidecraft.com,form_submit,user_5760,2025-06-12
nursingessay.us,cta_click,user_2898,2025-06-04
essayhubpro.net,form_submit,user_3267,2025-06-22
slidecraft.com,conversion,user_6857,2025-06-29
writemaster.co.uk,conversion,user_2522,2025-06-12
nursingessay.us,checkout_initiate,user_2865,2025-06-13
leadacademica.co.uk,cta_click,user_5453,2025-06-27
leadacademica.co.uk,cta_click,user_7909,2025-06-21
slidecraft.com,form_submit,user_3171,2025-06-23
essayhubpro.net,checkout_initiate,user_2699,2025-06-14
writemaster.co.uk,cta_click,user_3969,2025-06-20
leadacademica.co.uk,conversion,user_1472,2025-06-28
slidecraft.com,cta_click,user_8997,2025-06-04
leadacademica.co.uk,cta_click,user_1753,2025-06-03
paperwise.co,conversion,user_1202,2025-06-23
editgenius.net,checkout_initiate,user_6542,2025-06-17
editgenius.net,form_submit,user_8091,2025-06-22
progassignments.io,cta_click,user_6664,2025-06-22
leadacademica.co.uk,checkout_initiate,user_1894,2025-06-01
slidecraft.com,cta_click,user_9123,2025-06-28
slidecraft.com,form_submit,user_9055,2025-06-11
progassignments.io,conversion,user_5557,2025-06-02
editgenius.net,checkout_initiate,user_7203,2025-06-13
progassignments.io,form_submit,user_8521,2025-06-15
writemaster.co.uk,form_submit,user_9166,2025-06-15
nursingessay.us,form_submit,user_9148,2025-06-24
essayhubpro.net,form_submit,user_7609,2025-06-14
essayhubpro.net,form_submit,user_2489,2025-06-26
paperwise.co,checkout_initiate,user_8474,2025-06-11
nursingessay.us,form_submit,user_4652,2025-06-28
writemaster.co.uk,conversion,user_8751,2025-06-23
nursingessay.us,cta_click,user_2868,2025-06-04
progassignments.io,form_submit,user_6592,2025-06-12
paperwise.co,conversion,user_2741,2025-06-02
slidecraft.com,cta_click,user_3301,2025-06-27
leadacademica.co.uk,form_submit,user_5166,2025-06-20
progassignments.io,checkout_initiate,user_2978,2025-06-30
leadacademica.co.uk,checkout_initiate,user_8488,2025-06-27
progassignments.io,conversion,user_2765,2025-06-25
leadacademica.co.uk,form_submit,user_3018,2025-06-25
writemaster.co.uk,cta_click,user_9260,2025-06-05
writemaster.co.uk,form_submit,user_9689,2025-06-24
essayhubpro.net,cta_click,user_8912,2025-06-30
editgenius.net,checkout_initiate,user_3845,2025-06-24
slidecraft.com,form_submit,user_7347,2025-06-22
nursingessay.us,cta_click,user_7859,2025-06-20
progassignments.io,conversion,user_7518,2025-06-11
paperwise.co,cta_click,user_3185,2025-06-05
leadacademica.co.uk,conversion,user_9975,2025-06-28
nursingessay.us,checkout_initiate,user_4291,2025-06-07
paperwise.co,conversion,user_3173,2025-06-23
slidecraft.com,conversion,user_2890,2025-06-25
nursingessay.us,cta_click,user_7839,2025-06-22
editgenius.net,conversion,user_7920,2025-06-26
essayhubpro.net,form_submit,user_1414,2025-06-13
slidecraft.com,form_submit,user_1927,2025-06-07
paperwise.co,checkout_initiate,user_5695,2025-06-22
paperwise.co,checkout_initiate,user_2016,2025-06-23
paperwise.co,checkout_initiate,user_9866,2025-06-02
nursingessay.us,cta_click,user_2679,2025-06-20
editgenius.net,checkout_initiate,user_7371,2025-06-08
editgenius.net,conversion,user_1769,2025-06-30
leadacademica.co.uk,cta_click,user_7825,2025-06-26
nursingessay.us,form_submit,user_1212,2025-06-24
paperwise.co,checkout_initiate,user_8259,2025-06-27
progassignments.io,conversion,user_9955,2025-06-24
progassignments.io,checkout_initiate,user_5819,2025-06-15
slidecraft.com,form_submit,user_4063,2025-06-06
editgenius.net,form_submit,user_7180,2025-06-02
leadacademica.co.uk,conversion,user_5329,2025-06-05
slidecraft.com,conversion,user_1092,2025-06-11
writemaster.co.uk,checkout_initiate,user_1654,2025-06-05
nursingessay.us,form_submit,user_5934,2025-06-16
editgenius.net,conversion,user_2194,2025-06-26
nursingessay.us,checkout_initiate,user_4012,2025-06-17
typemaster.org,checkout_initiate,user_7814,2025-06-18
editgenius.net,cta_click,user_2506,2025-06-12
progassignments.io,checkout_initiate,user_6437,2025-06-11
nursingessay.us,conversion,user_4579,2025-06-25
editgenius.net,cta_click,user_1144,2025-06-04
nursingessay.us,cta_click,user_4937,2025-06-29
progassignments.io,form_submit,user_6258,2025-06-13
typemaster.org,cta_click,user_5203,2025-06-18
paperwise.co,form_submit,user_9468,2025-06-27
nursingessay.us,cta_click,user_8975,2025-06-02
paperwise.co,checkout_initiate,user_6248,2025-06-17
typemaster.org,form_submit,user_3742,2025-06-25
editgenius.net,form_submit,user_2072,2025-06-07
progassignments.io,cta_click,user_2702,2025-06-07
editgenius.net,cta_click,user_2181,2025-06-24
slidecraft.com,form_submit,user_8523,2025-06-23
nursingessay.us,form_submit,user_2433,2025-06-03
essayhubpro.net,checkout_initiate,user_5127,2025-06-18
typemaster.org,checkout_initiate,user_5237,2025-06-14
leadacademica.co.uk,cta_click,user_7626,2025-06-14
nursingessay.us,form_submit,user_7381,2025-06-22
typemaster.org,form_submit,user_2036,2025-06-25
essayhubpro.net,form_submit,user_6860,2025-06-30
editgenius.net,form_submit,user_5748,2025-06-26
paperwise.co,form_submit,user_5612,2025-06-25
writemaster.co.uk,cta_click,user_7473,2025-06-27
essayhubpro.net,cta_click,user_3561,2025-06-18
progassignments.io,checkout_initiate,user_7406,2025-06-26
editgenius.net,conversion,user_3360,2025-06-10
nursingessay.us,form_submit,user_3316,2025-06-04
essayhubpro.net,form_submit,user_7456,2025-06-18
editgenius.net,form_submit,user_5992,2025-06-07
nursingessay.us,checkout_initiate,user_7760,2025-06-29
editgenius.net,checkout_initiate,user_3637,2025-06-06
progassignments.io,conversion,user_4183,2025-06-04
slidecraft.com,form_submit,user_9992,2025-06-15
editgenius.net,form_submit,user_5762,2025-06-22
typemaster.org,conversion,user_2608,2025-06-07
writemaster.co.uk,conversion,user_6851,2025-06-05
progassignments.io,form_submit,user_5671,2025-06-20
typemaster.org,checkout_initiate,user_6206,2025-06-16
writemaster.co.uk,conversion,user_6008,2025-06-23
slidecraft.com,conversion,user_6182,2025-06-14
slidecraft.com,form_submit,user_6131,2025-06-08
progassignments.io,cta_click,user_5533,2025-06-27
nursingessay.us,checkout_initiate,user_6432,2025-06-29
writemaster.co.uk,cta_click,user_8296,2025-06-12
paperwise.co,cta_click,user_2783,2025-06-06
typemaster.org,conversion,user_3293,2025-06-29
editgenius.net,checkout_initiate,user_5312,2025-06-24
typemaster.org,form_submit,user_1305,2025-06-28
editgenius.net,form_submit,user_7637,2025-06-25
progassignments.io,form_submit,user_5269,2025-06-18
editgenius.net,cta_click,user_3435,2025-06-12
leadacademica.co.uk,checkout_initiate,user_5767,2025-06-05
writemaster.co.uk,form_submit,user_7500,2025-06-12
editgenius.net,form_submit,user_4913,2025-06-28
slidecraft.com,checkout_initiate,user_8310,2025-06-06
