site,source,sessions,date
progassignments.io,people_also_ask,66,2025-06-05
editgenius.net,featured_snippet,77,2025-06-20
editgenius.net,referral,129,2025-06-04
paperwise.co,paid,124,2025-06-10
typemaster.org,organic,99,2025-06-08
leadacademica.co.uk,featured_snippet,104,2025-06-26
writemaster.co.uk,organic,151,2025-06-04
writemaster.co.uk,ai_overview,76,2025-06-18
essayhubpro.net,featured_snippet,121,2025-06-17
progassignments.io,featured_snippet,91,2025-06-05
paperwise.co,referral,91,2025-06-01
nursingessay.us,paid,143,2025-06-19
leadacademica.co.uk,paid,133,2025-06-22
typemaster.org,ai_overview,132,2025-06-12
typemaster.org,ai_overview,152,2025-06-18
editgenius.net,people_also_ask,100,2025-06-17
editgenius.net,organic,127,2025-06-13
writemaster.co.uk,organic,87,2025-06-21
leadacademica.co.uk,direct,112,2025-06-09
essayhubpro.net,direct,94,2025-06-26
typemaster.org,direct,103,2025-06-08
typemaster.org,people_also_ask,123,2025-06-19
nursingessay.us,paid,67,2025-06-02
nursingessay.us,ai_overview,183,2025-06-11
slidecraft.com,people_also_ask,59,2025-06-25
writemaster.co.uk,featured_snippet,51,2025-06-16
slidecraft.com,people_also_ask,146,2025-06-05
typemaster.org,featured_snippet,131,2025-06-25
writemaster.co.uk,organic,124,2025-06-10
progassignments.io,organic,125,2025-06-26
progassignments.io,organic,99,2025-06-11
paperwise.co,ai_overview,64,2025-06-13
editgenius.net,referral,103,2025-06-09
essayhubpro.net,people_also_ask,72,2025-06-21
progassignments.io,direct,139,2025-06-12
essayhubpro.net,people_also_ask,94,2025-06-21
nursingessay.us,direct,66,2025-06-04
nursingessay.us,referral,87,2025-06-29
leadacademica.co.uk,featured_snippet,116,2025-06-15
leadacademica.co.uk,direct,77,2025-06-06
writemaster.co.uk,featured_snippet,67,2025-06-16
nursingessay.us,people_also_ask,109,2025-06-17
paperwise.co,people_also_ask,109,2025-06-03
leadacademica.co.uk,organic,79,2025-06-14
slidecraft.com,ai_overview,81,2025-06-10
nursingessay.us,organic,109,2025-06-03
nursingessay.us,featured_snippet,42,2025-06-10
paperwise.co,referral,43,2025-06-20
leadacademica.co.uk,paid,71,2025-06-23
writemaster.co.uk,direct,91,2025-06-15
essayhubpro.net,featured_snippet,112,2025-06-28
nursingessay.us,ai_overview,159,2025-06-14
paperwise.co,featured_snippet,134,2025-06-26
essayhubpro.net,organic,93,2025-06-22
leadacademica.co.uk,direct,99,2025-06-17
slidecraft.com,organic,59,2025-06-05
writemaster.co.uk,organic,99,2025-06-05
typemaster.org,paid,88,2025-06-25
nursingessay.us,direct,112,2025-06-13
essayhubpro.net,ai_overview,66,2025-06-05
writemaster.co.uk,direct,120,2025-06-12
writemaster.co.uk,people_also_ask,161,2025-06-03
slidecraft.com,ai_overview,95,2025-06-12
leadacademica.co.uk,direct,116,2025-06-21
paperwise.co,paid,127,2025-06-04
essayhubpro.net,featured_snippet,83,2025-06-06
writemaster.co.uk,ai_overview,108,2025-06-13
editgenius.net,organic,100,2025-06-09
paperwise.co,featured_snippet,103,2025-06-15
progassignments.io,ai_overview,69,2025-06-10
writemaster.co.uk,paid,100,2025-06-04
slidecraft.com,people_also_ask,119,2025-06-03
writemaster.co.uk,paid,158,2025-06-29
writemaster.co.uk,organic,138,2025-06-26
nursingessay.us,featured_snippet,186,2025-06-12
typemaster.org,ai_overview,69,2025-06-18
paperwise.co,direct,134,2025-06-28
slidecraft.com,featured_snippet,107,2025-06-23
slidecraft.com,people_also_ask,187,2025-06-12
editgenius.net,paid,67,2025-06-04
progassignments.io,people_also_ask,66,2025-06-05
progassignments.io,people_also_ask,76,2025-06-16
essayhubpro.net,direct,15,2025-06-18
nursingessay.us,referral,78,2025-06-26
editgenius.net,paid,69,2025-06-20
typemaster.org,organic,106,2025-06-10
leadacademica.co.uk,featured_snippet,113,2025-06-24
writemaster.co.uk,ai_overview,175,2025-06-14
leadacademica.co.uk,people_also_ask,138,2025-06-19
typemaster.org,paid,76,2025-06-11
typemaster.org,referral,64,2025-06-15
editgenius.net,direct,119,2025-06-05
editgenius.net,featured_snippet,47,2025-06-19
slidecraft.com,people_also_ask,173,2025-06-05
leadacademica.co.uk,ai_overview,147,2025-06-30
essayhubpro.net,people_also_ask,81,2025-06-04
editgenius.net,paid,31,2025-06-10
slidecraft.com,paid,154,2025-06-11
progassignments.io,direct,95,2025-06-17
paperwise.co,people_also_ask,149,2025-06-03
paperwise.co,paid,36,2025-06-21
editgenius.net,direct,76,2025-06-05
paperwise.co,ai_overview,100,2025-06-18
typemaster.org,ai_overview,101,2025-06-21
slidecraft.com,ai_overview,81,2025-06-19
slidecraft.com,paid,124,2025-06-22
nursingessay.us,people_also_ask,57,2025-06-30
essayhubpro.net,people_also_ask,94,2025-06-28
essayhubpro.net,organic,104,2025-06-02
paperwise.co,featured_snippet,120,2025-06-07
leadacademica.co.uk,ai_overview,128,2025-06-21
essayhubpro.net,referral,55,2025-06-29
editgenius.net,direct,38,2025-06-21
paperwise.co,referral,151,2025-06-08
leadacademica.co.uk,direct,113,2025-06-15
typemaster.org,featured_snippet,70,2025-06-02
slidecraft.com,referral,162,2025-06-14
writemaster.co.uk,referral,104,2025-06-07
nursingessay.us,ai_overview,147,2025-06-05
nursingessay.us,people_also_ask,102,2025-06-23
nursingessay.us,featured_snippet,182,2025-06-28
nursingessay.us,referral,170,2025-06-05
nursingessay.us,ai_overview,90,2025-06-18
typemaster.org,direct,138,2025-06-08
writemaster.co.uk,organic,125,2025-06-09
writemaster.co.uk,paid,154,2025-06-05
typemaster.org,organic,61,2025-06-10
leadacademica.co.uk,people_also_ask,127,2025-06-20
leadacademica.co.uk,paid,142,2025-06-28
slidecraft.com,people_also_ask,29,2025-06-11
nursingessay.us,paid,52,2025-06-25
slidecraft.com,referral,18,2025-06-17
writemaster.co.uk,referral,89,2025-06-29
paperwise.co,referral,128,2025-06-01
typemaster.org,referral,160,2025-06-17
writemaster.co.uk,paid,102,2025-06-07
nursingessay.us,organic,165,2025-06-02
paperwise.co,referral,44,2025-06-20
writemaster.co.uk,direct,31,2025-06-18
essayhubpro.net,people_also_ask,97,2025-06-04
leadacademica.co.uk,paid,115,2025-06-29
paperwise.co,featured_snippet,98,2025-06-12
leadacademica.co.uk,direct,17,2025-06-02
leadacademica.co.uk,organic,96,2025-06-19
editgenius.net,paid,47,2025-06-12
editgenius.net,direct,126,2025-06-03
leadacademica.co.uk,ai_overview,114,2025-06-15
editgenius.net,direct,62,2025-06-27
typemaster.org,paid,79,2025-06-04
leadacademica.co.uk,direct,57,2025-06-26
nursingessay.us,ai_overview,97,2025-06-12
slidecraft.com,paid,138,2025-06-20
editgenius.net,referral,60,2025-06-17
essayhubpro.net,organic,120,2025-06-02
slidecraft.com,featured_snippet,78,2025-06-11
writemaster.co.uk,ai_overview,68,2025-06-15
slidecraft.com,ai_overview,95,2025-06-29
editgenius.net,paid,58,2025-06-11
nursingessay.us,paid,77,2025-06-13
paperwise.co,ai_overview,52,2025-06-11
editgenius.net,people_also_ask,178,2025-06-17
editgenius.net,referral,101,2025-06-23
paperwise.co,referral,72,2025-06-27
essayhubpro.net,direct,108,2025-06-11
typemaster.org,referral,95,2025-06-19
paperwise.co,people_also_ask,91,2025-06-29
essayhubpro.net,ai_overview,124,2025-06-16
paperwise.co,featured_snippet,130,2025-06-26
progassignments.io,featured_snippet,78,2025-06-02
writemaster.co.uk,paid,76,2025-06-17
leadacademica.co.uk,paid,88,2025-06-27
progassignments.io,organic,7,2025-06-19
typemaster.org,paid,39,2025-06-01
writemaster.co.uk,direct,154,2025-06-14
slidecraft.com,referral,165,2025-06-23
progassignments.io,referral,90,2025-06-17
writemaster.co.uk,people_also_ask,123,2025-06-28
essayhubpro.net,featured_snippet,112,2025-06-05
editgenius.net,paid,223,2025-06-18
nursingessay.us,featured_snippet,144,2025-06-16
editgenius.net,referral,94,2025-06-11
slidecraft.com,referral,61,2025-06-30
editgenius.net,direct,35,2025-06-18
nursingessay.us,featured_snippet,108,2025-06-25
paperwise.co,ai_overview,69,2025-06-16
progassignments.io,paid,43,2025-06-09
editgenius.net,direct,74,2025-06-08
paperwise.co,people_also_ask,56,2025-06-10
progassignments.io,featured_snippet,167,2025-06-23
writemaster.co.uk,direct,135,2025-06-16
nursingessay.us,ai_overview,99,2025-06-30
paperwise.co,direct,159,2025-06-04
editgenius.net,referral,103,2025-06-29
leadacademica.co.uk,people_also_ask,65,2025-06-12
slidecraft.com,direct,160,2025-06-02
paperwise.co,featured_snippet,121,2025-06-03
nursingessay.us,referral,58,2025-06-21
paperwise.co,featured_snippet,92,2025-06-16
progassignments.io,paid,64,2025-06-27
editgenius.net,direct,44,2025-06-30
editgenius.net,featured_snippet,137,2025-06-09
slidecraft.com,organic,176,2025-06-20
progassignments.io,paid,44,2025-06-02
editgenius.net,paid,122,2025-06-21
progassignments.io,organic,73,2025-06-04
leadacademica.co.uk,direct,80,2025-06-23
writemaster.co.uk,organic,76,2025-06-22
slidecraft.com,organic,65,2025-06-18
slidecraft.com,referral,101,2025-06-21
writemaster.co.uk,referral,66,2025-06-21
progassignments.io,people_also_ask,110,2025-06-10
nursingessay.us,direct,97,2025-06-21
essayhubpro.net,people_also_ask,90,2025-06-03
progassignments.io,ai_overview,63,2025-06-24
essayhubpro.net,paid,76,2025-06-14
slidecraft.com,organic,130,2025-06-27
leadacademica.co.uk,people_also_ask,120,2025-06-16
slidecraft.com,featured_snippet,60,2025-06-28
paperwise.co,organic,103,2025-06-01
paperwise.co,ai_overview,130,2025-06-20
typemaster.org,direct,33,2025-06-10
writemaster.co.uk,featured_snippet,121,2025-06-18
editgenius.net,referral,73,2025-06-29
slidecraft.com,people_also_ask,122,2025-06-17
writemaster.co.uk,direct,69,2025-06-07
typemaster.org,direct,27,2025-06-06
writemaster.co.uk,featured_snippet,34,2025-06-09
slidecraft.com,organic,101,2025-06-24
nursingessay.us,people_also_ask,110,2025-06-10
progassignments.io,paid,63,2025-06-20
leadacademica.co.uk,people_also_ask,125,2025-06-14
editgenius.net,direct,33,2025-06-03
leadacademica.co.uk,featured_snippet,97,2025-06-04
slidecraft.com,paid,51,2025-06-16
nursingessay.us,paid,73,2025-06-01
paperwise.co,referral,101,2025-06-08
writemaster.co.uk,people_also_ask,65,2025-06-09
nursingessay.us,direct,84,2025-06-19
essayhubpro.net,direct,140,2025-06-21
nursingessay.us,featured_snippet,76,2025-06-08
essayhubpro.net,featured_snippet,133,2025-06-04
writemaster.co.uk,direct,54,2025-06-06
leadacademica.co.uk,featured_snippet,121,2025-06-17
paperwise.co,featured_snippet,157,2025-06-04
paperwise.co,direct,5,2025-06-20
progassignments.io,paid,68,2025-06-05
writemaster.co.uk,paid,123,2025-06-15
nursingessay.us,referral,91,2025-06-23
editgenius.net,referral,114,2025-06-25
editgenius.net,people_also_ask,75,2025-06-22
progassignments.io,people_also_ask,103,2025-06-08
typemaster.org,ai_overview,93,2025-06-15
editgenius.net,featured_snippet,146,2025-06-12
typemaster.org,ai_overview,110,2025-06-04
essayhubpro.net,people_also_ask,113,2025-06-18
editgenius.net,paid,83,2025-06-19
editgenius.net,paid,80,2025-06-06
nursingessay.us,people_also_ask,82,2025-06-17
writemaster.co.uk,organic,115,2025-06-22
progassignments.io,featured_snippet,83,2025-06-19
writemaster.co.uk,organic,111,2025-06-29
editgenius.net,referral,183,2025-06-26
essayhubpro.net,referral,134,2025-06-05
editgenius.net,referral,86,2025-06-15
essayhubpro.net,ai_overview,148,2025-06-15
paperwise.co,featured_snippet,83,2025-06-01
leadacademica.co.uk,direct,18,2025-06-27
essayhubpro.net,featured_snippet,59,2025-06-07
typemaster.org,organic,25,2025-06-14
nursingessay.us,featured_snippet,85,2025-06-03
editgenius.net,organic,100,2025-06-30
typemaster.org,referral,167,2025-06-02
paperwise.co,referral,113,2025-06-06
slidecraft.com,people_also_ask,91,2025-06-21
leadacademica.co.uk,direct,133,2025-06-29
leadacademica.co.uk,referral,11,2025-06-28
leadacademica.co.uk,referral,109,2025-06-03
editgenius.net,paid,130,2025-06-21
nursingessay.us,organic,40,2025-06-06
editgenius.net,referral,145,2025-06-17
slidecraft.com,featured_snippet,113,2025-06-08
essayhubpro.net,people_also_ask,83,2025-06-01
paperwise.co,referral,125,2025-06-22
editgenius.net,referral,190,2025-06-18
leadacademica.co.uk,people_also_ask,107,2025-06-08
progassignments.io,referral,109,2025-06-12
slidecraft.com,direct,81,2025-06-07
typemaster.org,organic,66,2025-06-26
leadacademica.co.uk,ai_overview,133,2025-06-25
essayhubpro.net,paid,65,2025-06-07
typemaster.org,organic,102,2025-06-20
essayhubpro.net,referral,80,2025-06-20
essayhubpro.net,paid,119,2025-06-24
essayhubpro.net,referral,113,2025-06-15
progassignments.io,ai_overview,141,2025-06-07
essayhubpro.net,paid,79,2025-06-17
paperwise.co,paid,89,2025-06-27
nursingessay.us,ai_overview,60,2025-06-20
nursingessay.us,paid,82,2025-06-10
slidecraft.com,featured_snippet,115,2025-06-17
progassignments.io,referral,130,2025-06-10
paperwise.co,organic,63,2025-06-18
slidecraft.com,featured_snippet,134,2025-06-22
leadacademica.co.uk,ai_overview,154,2025-06-16
essayhubpro.net,direct,116,2025-06-21
leadacademica.co.uk,people_also_ask,175,2025-06-17
nursingessay.us,featured_snippet,69,2025-06-14
leadacademica.co.uk,paid,50,2025-06-10
leadacademica.co.uk,paid,28,2025-06-25
editgenius.net,referral,159,2025-06-08
progassignments.io,direct,126,2025-06-28
slidecraft.com,people_also_ask,97,2025-06-15
essayhubpro.net,ai_overview,111,2025-06-14
leadacademica.co.uk,ai_overview,54,2025-06-17
slidecraft.com,referral,197,2025-06-08
paperwise.co,paid,105,2025-06-11
typemaster.org,referral,104,2025-06-28
nursingessay.us,organic,129,2025-06-18
progassignments.io,organic,119,2025-06-09
leadacademica.co.uk,featured_snippet,108,2025-06-20
essayhubpro.net,people_also_ask,68,2025-06-03
progassignments.io,people_also_ask,118,2025-06-25
editgenius.net,paid,175,2025-06-16
progassignments.io,people_also_ask,153,2025-06-30
nursingessay.us,direct,163,2025-06-30
essayhubpro.net,paid,79,2025-06-30
progassignments.io,featured_snippet,60,2025-06-04
writemaster.co.uk,paid,94,2025-06-23
progassignments.io,referral,102,2025-06-30
progassignments.io,ai_overview,143,2025-06-11
paperwise.co,referral,32,2025-06-15
editgenius.net,featured_snippet,161,2025-06-12
paperwise.co,direct,93,2025-06-12
editgenius.net,referral,82,2025-06-15
typemaster.org,people_also_ask,59,2025-06-24
writemaster.co.uk,people_also_ask,33,2025-06-27
nursingessay.us,paid,132,2025-06-12
nursingessay.us,referral,102,2025-06-02
progassignments.io,featured_snippet,48,2025-06-05
essayhubpro.net,direct,48,2025-06-18
leadacademica.co.uk,direct,86,2025-06-05
progassignments.io,direct,166,2025-06-08
leadacademica.co.uk,ai_overview,89,2025-06-27
progassignments.io,referral,39,2025-06-18
nursingessay.us,direct,90,2025-06-25
writemaster.co.uk,featured_snippet,89,2025-06-21
writemaster.co.uk,referral,5,2025-06-06
nursingessay.us,paid,97,2025-06-05
editgenius.net,referral,90,2025-06-06
editgenius.net,featured_snippet,127,2025-06-02
editgenius.net,organic,173,2025-06-27
typemaster.org,people_also_ask,145,2025-06-22
essayhubpro.net,people_also_ask,89,2025-06-01
leadacademica.co.uk,paid,55,2025-06-27
progassignments.io,organic,202,2025-06-23
slidecraft.com,organic,102,2025-06-07
editgenius.net,referral,100,2025-06-12
essayhubpro.net,ai_overview,99,2025-06-21
writemaster.co.uk,featured_snippet,107,2025-06-16
essayhubpro.net,organic,94,2025-06-18
editgenius.net,referral,77,2025-06-01
essayhubpro.net,ai_overview,78,2025-06-24
paperwise.co,ai_overview,98,2025-06-10
essayhubpro.net,ai_overview,78,2025-06-27
leadacademica.co.uk,people_also_ask,71,2025-06-30
slidecraft.com,organic,104,2025-06-30
typemaster.org,ai_overview,89,2025-06-05
progassignments.io,paid,160,2025-06-20
editgenius.net,direct,5,2025-06-27
nursingessay.us,direct,143,2025-06-26
leadacademica.co.uk,organic,149,2025-06-12
leadacademica.co.uk,referral,17,2025-06-19
progassignments.io,featured_snippet,86,2025-06-08
paperwise.co,featured_snippet,85,2025-06-27
typemaster.org,featured_snippet,43,2025-06-28
essayhubpro.net,organic,68,2025-06-13
leadacademica.co.uk,referral,55,2025-06-18
writemaster.co.uk,organic,170,2025-06-21
essayhubpro.net,featured_snippet,137,2025-06-06
typemaster.org,referral,150,2025-06-28
leadacademica.co.uk,featured_snippet,128,2025-06-26
nursingessay.us,ai_overview,54,2025-06-28
typemaster.org,ai_overview,79,2025-06-30
essayhubpro.net,paid,119,2025-06-07
writemaster.co.uk,direct,51,2025-06-02
typemaster.org,featured_snippet,128,2025-06-30
paperwise.co,ai_overview,90,2025-06-19
essayhubpro.net,paid,85,2025-06-30
nursingessay.us,organic,128,2025-06-07
slidecraft.com,people_also_ask,117,2025-06-27
leadacademica.co.uk,organic,85,2025-06-10
slidecraft.com,ai_overview,146,2025-06-08
leadacademica.co.uk,featured_snippet,56,2025-06-29
editgenius.net,direct,124,2025-06-13
slidecraft.com,people_also_ask,123,2025-06-23
typemaster.org,ai_overview,87,2025-06-24
nursingessay.us,organic,113,2025-06-04
leadacademica.co.uk,paid,49,2025-06-27
typemaster.org,direct,136,2025-06-20
leadacademica.co.uk,people_also_ask,92,2025-06-11
